{"min_samples_splits_val": [0.8927465723131358, 0.8960636886333481, 0.8993808049535603, 0.8993808049535603, 0.8984962406015038], 
    "min_samples_splits_test": [0.8829904888299049, 0.8863083388630834, 0.8876354788763547, 0.88940499889405, 0.8900685689006856], 
    "max_features_val": [0.897390535161433, 0.8996019460415745, 0.8980539584254754, 0.8982750995134896, 0.8982750995134896], 
    "max_features_test": [0.891616898916169, 0.8902897589028976, 0.8878566688785667, 0.8891838088918381, 0.8889626188896262], 
    "n_estimators_val": [0.8984962406015038, 0.8978328173374613, 0.8996019460415745, 0.8991596638655462, 0.8996019460415745], 
    "n_estimators_test": [0.8907321389073214, 0.8907321389073214, 0.8913957089139571, 0.8905109489051095, 0.88940499889405]}